Fiscal Year ,Summary Report Date,Date of Incident,Preliminary Description of Incident,
FY 2013,10/06/2012,9/21/2012,"Silver Bullet Production,Acton,CA 93510",Worker drowned while cleaning a large water tank.
FY 2013,10/06/2012,9/25/2012,"NV Energy Las Vegas,NV 89040",Worker died after falling 75 feet from a steel tower to the ground.
FY 2013,10/06/2012,9/27/2012,"Maria Jesus Flores Riverside,CA 93656",Worker run over and killed by a tractor trailer.
FY 2013,10/06/2012,9/27/2012,"Davey Tree Livermore,CA 9455",1 Worker cutting down trees was struck and killed by a tree branch.
FY 2013,10/06/2012,9/28/2012,"Trimming Land Company,Inc. Riverside,CA 90280",Worker trimming trees was struck and killed by tree limb.
FY 2013,10/06/2012,9/28/2012,"DiPonio Contracting,LLC Shelby Twp,MI 48092",Worker moving a 36-foot-long pipe across roadway was killed when a bus hit the pipe,throwing worker into a crane.
FY 2013,10/06/2012,10/01/2012,"Anderson Columbia Co. Inc.,Lake City,FL 32055",Employee checking his truck's fuel level died when the fumes contacted an ignition source,causing an explosion.
FY 2013,10/06/2012,10/01/2012,"International Paper Company,Pewaukee,WI 53072",Employee crushed by falling paper products.
FY 2013,10/06/2012,10/1/2012,"American Rain Gutter Sacramento,CA 95811",Worker died after falling approximately 22 feet from scaffold.
FY 2013,10/06/2012,10/01/2012,"Checkered Towing Long Beach,CA 92708",Worker underneath a motorhome trying to replace its starter was crushed when the motorhome was struck by another vehicle.
FY 2013,10/06/2012,10/02/2012,"Allied Genetics LLC,Geneva,NE 68361",Worker conducting measurements in a cornfield was run over and killed by farm equipment.
FY 2013,10/06/2012,10/02/2012,"Orange County Rural Electric Membership Corp. Orleans,IN 47452",Worker loading a utility pole onto a truck was killed when the pole fell on the worker.
FY 2013,10/06/2012,10/02/2012,"NC/DOT Division of Highways Boone,NC 28607",Highway maintenance worker was struck by a vehicle.
FY 2013,10/06/2012,10/02/2012,"P&P Farms Arbuckle,CA 95912  Worker operating farm equipment was fatally injured after being struck by a truck.
FY 2013,10/06/2012,10/02/2012,"ITR Concession Company,LLC Michigan City,IN 46360",Worker was performing maintanence on grass median and was reaching in work truck when truck was struck by another vehicle. Worker died on site.
FY 2013,10/06/2012,10/02/2012,"Alaska Airlines,Golden Scott Freeway I-5,Scott Exit Road,Burbank,CA 91502",Pilot found dead along freeway of apparent homicide.
FY 2013,10/06/2012,10/03/2012,"Snow Road Farms,Bridgewater,ME 04735",Employee working in a potato house was struck and killed by a potato truck.
FY 2013,10/06/2012,10/03/2012,"Fort Russell Township - Highway Department,Moro,IL 62067",Worker was crushed when a dump truck struck and ran over him.
FY 2013,10/06/2012,10/03/2012,"Brahma Group Inc.,Bakersfield,CA 93308",Worker cleaning the inside of a water tank killed when floor beneath him collapsed.
FY 2013,10/06/2012,10/03/2012,"Pacific Northwest Aggregates Inc.,Wishram,WA 98637",Worker was electrocuted while operating construction machine used to create flat surfaces.
FY 2013,10/06/2012,10/03/2012,"Snow Road Farms,Bridgewater,ME 04735",Employee working in a potato house was struck and killed by a truck.
FY 2013,10/06/2012,10/04/2012,"Central Site Development,Davenport,FL 33836",Worker died after being struck by a bulldozer.
FY 2013,10/06/2012,10/04/2012,"Lonestar Geophysical Surveys,Oakley,KS 67748",Worker crushed by a seismic vibrator when it overturned during operation on a slope.
FY 2013,10/06/2012,10/04/2012,"Ulland Brothers,Highway 23,Wright,MN 55798",Worker electrocuted after crane contacted overhead power lines.
FY 2013,10/06/2012,10/02/2012,"Universal Oilfield Services Inc.,Lovelady,TX 75851",Three employees suffered third degree burns during a tank battery fire.
FY 2013,10/13/2012,4/1/2012,"ReMax Intergrity Group,Gary,IN 46408",Real estate worker showing a house suffered fatal burns when she turned on a light switch,which ignited a pocket of natural gas,causing an explosion.
FY 2013,10/13/2012,8/3/2012,"Bergen County Parks Dept.,Mahwah,NJ 07430",Worker closing a steel gate was fatally struck in the chest by the gate arm.
FY 2013,10/13/2012,10/02/2012,"Waurika Livestock Commission Company,Waurika,OK 73573",Employee died after being struck by cattle gate.
FY 2013,10/13/2012,10/03/2012,"All State Roofing,Columbus,GA 31907",Employee died after falling through roof.
FY 2013,10/13/2012,10/3/2012,"M. K. Construction Group Inc.,Apollo Beach,FL 33572",Employee died from injuries after falling from scaffolding.
FY 2013,10/13/2012,10/03/2012,"Consolidated Waste Services Corp,Salinas,PR 00751",Worker electrocuted by a 2,400-volt power line while trying to remove a stuck cable.
FY 2013,10/13/2012,10/03/2012,"Golden Gait Trailers LLC,Concord,NC 28027",Worker making repairs underneath a trailer died after the vehicle fell on him,pinning him to the ground.
FY 2013,10/13/2012,10/07/2012,"Odyssey-Geronimo JV,Longview,WA 98568",Worker died when he fell into a river while performing bridge repairs.
FY 2013,10/13/2012,10/08/2012,"Mid-Atlantic Realty Co. Inc.,Greenville,DE 19807",Employee electrocuted while working in a bucket truck.
FY 2013,10/13/2012,10/08/2012,"Vanmeter Contracting Inc.,Glasgow,KY 42141",Worker died in a fall after a 12-foot wall he was installing on a highway collapsed.
FY 2013,10/13/2012,10/09/2012,"Gorilla Mikes LLC,Cincinati,OH 45243",Employee died from being struck on head by large tree limb.
FY 2013,10/13/2012,10/02/2012,"Universal Oilfield Services Inc.,Lovelady,TX 75851",Three employees suffered third degree burns during a tank battery fire.
FY 2013,10/13/2012,10/09/2012,"Tourism Arts & Heritage Cabinet Dept. of Parks,Waddy,KY 40076",Worker killed in a car crash while traveling from one worksite to another.
FY 2013,10/13/2012,10/10/2012,"Baker Concrete Construction - Northern Operation Division,Charlston,TN 37310",Two workers died after falling 140 feet from a collapsed work platform while helping to construct a chemical plant.
FY 2013,10/13/2012,10/12/2012,"Plasterer Equipment Company,Bethlehem,PA 18015",Employee crushed by a backhoe.
FY 2013,10/13/2012,10/12/2012,"Steve's Towing Inc.,Perris,CA 92570",Worker was crushed when a car he was connecting to a tow truck rolled over him.
FY 2013,10/20/2012,9/24/2012,"Custom Crushing & Recycling, Battle Lake, MN 56515",  Worker using a cutting torch to help dismantle a farm combine suffered fatal burns when a fuel tank exploded. Two other workers suffered second and third degree burns.
FY 2013,10/20/2012,9/24/2012,"Beaver Valley Backyard Garden Products Inc., Morton, WA 98567",Worker making deliveries died when the brakes failed on the delivery truck, causing vehicle to crash.
FY 2013,10/20/2012,9/27/2012,"Longevity International Enterprises Corporation, Honolulu, HI 96817",   Maintenance worker died after falling off a two-stage-high mobile scaffold
FY 2013,10/20/2012,10/4/2012,"Custom Machine Works LLC, Tigard, OR 97224", Worker operating a lathe died from neck injuries when his arm got caught in machine, pulling him in.
FY 2013,10/20/2012,10/9/2012,"Robert Pitman Jr. DBA Envirosweep, Greenwood, IN 46143", Worker involved in a motor vehicle accident died when his work vehicle flipped and ejected the driver
FY 2013,10/20/2012,10/10/2012,"Elmo Greer & Sons LLC, Manchester, KY 40962",Worker for a paving contractor was struck and killed by a truck.
FY 2013,10/20/2012,10/11/2012,"Pyramid Residential Construction Inc., Watford City, ND 58854",Employee installing siding during residential construction died after falling from scaffolding.
FY 2013,10/20/2012,10/13/2012,"AIRSERV Corp., Flushing, NY 11371",Worker struck and killed by a water service truck.
FY 2013,10/20/2012,10/15/2012,"WA State Department of Natural Resources, Springdale, WA 99173",Worker died after being electocuted while removing a tree from a 115-kV power line.
FY 2013,10/20/2012,10/16/2012,"Select Staffing, Yadkinville, NC 27055",Worker killed at food processing plant after he was caught in a conveyor belt.
FY 2013,10/20/2012,10/16/2012,"Lakeside Transport LLC, Wolcottville, IN 46795",Worker performing maintenance on semi-truck was crushed after truck fell on him.
FY 2013,10/20/2012,10/18/2012,"United States Postal Service, Newport, DE 19804",Worker died from injuries after being attacked by a dog.
FY 2013,10/20/2012,10/18/2012,"Seaboard Foods LLC, Guymon, OK 73942",Worker died after falling onto a drive shaft at a food processing plant.
FY 2013,10/20/2012,10/18/2012,"JDK Construction, Live Oak, CA 95953",Employee died after falling 14 feet from second-story balcony while working inside a new residential construction.
FY 2013,10/20/2012,10/18/2012,"Total Fire Protection Inc., Benton Harbor, MI 49022",Worker was crushed between the side of an excavation and a 20,000-gallon water tank.
FY 2013,10/20/2012,10/18/2012,"Nassau County Police Department, Highway Patrol Bureau, Bellmore, NY 11710",Police officer was struck and killed by a vehicle while investigating a two-car collision.
FY 2013,10/27/2012,10/3/2012,"U.S. National Whitewater Center Inc., Charlotte, NC 28214", Worker for a water recreation center was found floating on the surface of a river. Worker died two days later.
FY 2013,10/27/2012,10/11/2012,"SPX Corporation, Houston, TX 77065",Worker died after being caught in a lathe.
FY 2013,10/27/2012,10/15/2012,"Dow Machine Corporation, Houston, TX 77041",Worker repairing a forklift was crushed by machine's forks.
FY 2013,10/27/2012,10/19/2012,"Ivan Martinez, Keller, TX 76248",Worker died after being struck by the arm lift of a skid loader.
FY 2013,10/27/2012,10/21/12,"International Extrusions, Waxahachie, TX 75165",Worker died after being electrocuted while wiring overhead lighting.
FY 2013,10/27/2012,10/22/2012,"Mobley Contractors Inc., Star City, AR 71667",Employee killed after being crushed by a fallen crane boom.
FY 2013,10/27/2012,10/22/2012,"American Rice Growers, Raywood, TX 77582",Worker died after falling 60 feet through a grain elevator opening.
FY 2013,10/27/2012,10/22/2012,"K&R Roustabout Services Inc., Killdeer, ND 58640",Employee died from burns suffered while repairing tank batteries at an oil well site.
FY 2013,10/27/2012,10/22/2012,"General Motors LLC, Bedford, IN 47421",Worker performing maintanence under a scissor lift died after the lift descended causing worker to be caught between base and lift.
FY 2013,10/27/2012,10/22/2012,"Cell-crete Co, Running Springs, CA 92382",Worker lost control of flat-bed semi-truck and died after jumping or being ejected from out-of-control truck.
FY 2013,10/27/2012,10/22/2012,"Republic Services, Mayfield, KY 42066",Worker was run over and killed when he slipped off a garbage truck's side running board
FY 2013,10/27/2012,10/22/2012,"SM Hentges & Sons, Minneapolis, MN 55401",Worker dredging a pond was killed when a backhoe tipped over on him.
FY 2013,10/27/2012,10/23/2012,"Center Fire Feed Yard, Ulysses, KS 67880",Worker died after falling 20 feet through roof skylight.
FY 2013,10/27/2012,10/23/2012,"Nassau County Police Department Highway Patrol Bureau, Bellmore, NY 11710",Police officer died after being shot in the chest while pursuing a hit and run suspect.
FY 2013,10/27/2012,10/24/2012,"Toys R Us, Dublin, OH 43017",Retail worker died from fall from an 8-foot ladder.
FY 2013,10/27/2012,10/24/2012,"STS Terminal Ports of America Berth 37, Oakland, CA 94601",Worker repairing a crane trolley was crushed between the trolley's bumper and a guardrail.
FY 2013,10/27/2012,10/25/2012,"Marriot TownPlace Suites, Lafayette, IN 47905",Worker at a hotel died after falling three stories from attic rafters to the ground.
FY 2013,10/27/2012,10/26/2012,"Three Corners LLC, Fort Smith, AR 72903",Employee died after being electrocuted when aluminum ladder contacted power line.
FY 2013,10/27/2012,10/27/2012,"Valley View Electric Inc., Buffalo Lake, MN 55314",Worker died after falling 60 feet while working on auger motor on outside of grain elevator.
FY 2013,11/03/2012,5/22/1995,"SNW Construction Inc., Lynnwood, WA 98046", Worker permanently disabled from the shoulders down after falling 20 feet out of a wall opening. The worker later died from complications related to the injury.
FY 2013,11/03/2012,10/11/2012,"Max Montgomery dba Montgomery Saw Mill, Franklinville, NC 27316",Worker was struck and killed by a 30-foot tree being cut down.
FY 2013,11/03/2012,10/15/2012,"Larry Mitchell dba Tri-County Roofing and Repair Services, Salemburg, NC 28385",Worker replacing sheet metal on barn roof died after falling nearly 20 feet to ground.
FY 2013,11/03/2012,10/25/2012,"Fairway Construction LLC, Hillsboro, OR 97123",Worker installing new siding on house died when he fell approximately 15 feet from ladder.
FY 2013,11/03/2012,10/27/12,"Extreme Elements LLC, Tallmadge, OH, 44278",Worker repairing construction equipment was killed after being crushed by a pneumatic lift machine.
FY 2013,11/03/2012,10/27/2012,"P.K. Installs, Landover, MD 20785",Worker installing tyvec paper on single family home died after falling from 32-foot extension ladder.
FY 2013,11/03/2012,10/30/2012,"Extrudex Aluminum Inc., North Jackson, OH 44451",Employee was killed after a rack of aluminum sheets fell on him.
FY 2013,11/03/2012,10/31/2012,"Bar G Feedyard, Summerfield, TX 79085",Worker repairing a tire from a front-end loader was killed when the tire's locking ring struck him.
FY 2013,11/03/2012,10/31/2012,"WD Olsen Tree Care, Annapolis, MD 21409",Worker helping to clear fallen trees after hurricane was killed when a tree fell on him.
FY 2013,11/03/2012,11/01/2012,"Western Oilfields Supply Company, Dickinson, ND 58601",Employee died after being crushed by work vehicle.
FY 2013,11/03/2012,11/2/2012,"City of Chicago - Fire Department Engine Company 123, Chicago, IL 60621",Fire fighter died after a house's roof collapsed, trapping him inside.
FY 2013,11/03/2012,11/5/2012,"Acker and Guerrero Roofing Company, Oakland, CA 94601",Worker died after falling from a roof and landing on his head.
FY 2013,11/10/2012,10/16/2012,"Sam's Club, Philadelphia, PA 19154", Worker died after falling through a suspended ceiling while repairing a security system.
FY 2013,11/10/2012,10/27/2012,"Williams Brothers Construction Co. Inc., Conroe, TX 77303",Worker setting up a temporary traffic control zone died after being struck by vehicle.
FY 2013,11/10/2012,10/29/2012,"Easton Volunteer Fire Company No. 1 Inc.,Easton, CT 06612",Fire fighter died after being struck by a falling tree while responding to a house fire.
FY 2013,11/10/2012,10/30/2012,"Rainbow Valley Design & Construction Inc., Eugene, OR 97402",Employee performing drywall work died after falling off a ladder and striking his head.
FY 2013,11/10/2012,11/2/2012,"American Concrete Industries Inc., Auburn, ME 04210",Employee was fatally crushed by a concrete barrier that fell on him.
FY 2013,11/10/2012,11/2/2012,"eCullet Inc., Camden, NJ 08104",Worker at glass recycling plant died after being caught in a conveyor.
FY 2013,11/10/2012,11/2/2012,"Noriega Equipment,Portola, CA 96122",Worker operating an excavator to clean out the bottom of a lake drowned after the excavator tipped over into the lake.
FY 2013,11/10/2012,11/4/2012,"Badger Grain Company Inc., Darien, WI 53114",Worker died after falling from an elevated rail platform.
FY 2013,11/10/2012,11/4/2012,"Lee & Eastes Tank Lines Inc., Federal Way, WA 98001",Worker driving a tank truck was killed when the truck burst into flames after being struck by another vehicle.
FY 2013,11/10/2012,11/5/2012,"Askew and Workers Construction, Galveston, TX 77553",Worker died after being pinned between an excavation device and an outrigger.
FY 2013,11/10/2012,11/5/2012,"Lawson Excavating Inc., Flemington, NJ 08822",Employee working on a roadway died after being struck by a truck.
FY 2013,11/10/2012,11/7/2012,"Georgia Pacific, Muskogee, OK 74403",Worker was electrocuted while changing a light bulb in a high bay.
FY 2013,11/10/2012,11/7/2012,"Pauletich Electric and Communications, Madera, CA 93636",Worker was struck by a vehicle while performing construction work.
FY 2013,11/10/2012,11/7/2012,"Wick Buildings LLC, Mazomanie, WI 53560",Employee crushed by materials used to support building structures.
FY 2013,11/10/2012,11/10/2012,"Nelson Engineering Construction Inc., Sioux City, IA 51106",Worker performing hoisting and lifting operations at a construction site died when the hoisting strap failed, causing the load to fall on him.
FY 2013,11/17/2012,10/22/2012,"New Mexico School for the Deaf, Santa Fe, NM 87505",Worker died after falling from an extension ladder while working on a roof.
FY 2013,11/17/2012,10/25/2012,"Tower Maintenance Corp., Edison, NJ 08818",Employee died after falling from an electrical tower.
FY 2013,11/17/2012,11/6/2012,"Patriot Tree Service, Saint James, NY 11780",Employee died after being struck by a tree limb while trimming a tree.
FY 2013,11/17/2012,11/6/2012,"RG Landscaping & Tree Service, East Brunswick, NJ 08816",Worker was struck and killed by a tree during tree trimming operations.
FY 2013,11/17/2012,11/8/2012,"T&T Trucking Inc., Trona, CA 93562",Worker killed after being crushed between two tractors.
FY 2013,11/17/2012,11/9/2012,"Sovay Iron Works Inc., Oswego, NY 13209",Employee died after falling 40 feet while installing metal decking.
FY 2013,11/17/2012,11/9/2012,"Municipio de Maunabo Obras Publicas, Maunabo, PR 00707",Worker died after being struck by car while performing road maintenance.
FY 2013,11/17/2012,11/10/2012,"US Postal Service, Lockport, LA 70374",Worker was crushed and killed after another vehicle crashed into his postal vehicle.
FY 2013,11/17/2012,11/11/2012,"Washington Township Fire Department, Fort Wayne, IN 46808",Worker died after being ejected from tanker truck when it hit a utility pole.
FY 2013,11/17/2012,11/11/2012,"NC Department of Transportation, Hatteras, NC 27943",Truck driver died when he was hit by another truck.
FY 2013,11/17/2012,11/12/2012,"Ismael Pacheco dba Ismael Pacheco, Ayden, NC 28513",Worker was run over and killed by a truck while working in a potato field.
FY 2013,11/17/2012,11/13/2012,"Thomas Market Inc., Malad City, ID 83252",Employee died from injuries after falling off a loading dock, striking his head and being run over by a vehicle.
FY 2013,11/17/2012,11/14/2012,"William A Severyns Insurance, Renton, WA 98057",Worker sitting at a desk died when struck by car that crashed through an office building wall.
FY 2013,11/17/2012,11/15/2012,"National Maintenance & Repair Inc., Hartford, IL 62048",Employee died after being struck by a tug boat propeller wheel when the support chain failed.
FY 2013,11/17/2012,11/15/2012,"Super Link Plastics Inc., Oakland, CA 94603",Forklift driver killed when struck by another forklift.
FY 2013,11/17/2012,11/15/2012,"Kett Engineering Corporation, California City, CA 93505",Worker died after a tree fell on him.
FY 2013,11/17/2012,11/15/2012,"James A Graf Trucking Inc., Winston, OR 97496",Worker killed when his truck went over an embankment.
FY 2013,11/17/2012,11/17/2012,"Closed Loop Systems, Riverside, NM 88210",Worker killed after being pinned between two loading bins.
FY 2013,11/24/2012,11/6/2012,"APAC-Southeast Inc., Naples, FL 34117",Employee died from hydrogen sulfide exposure.
FY 2013,11/24/2012,11/13/2012,"Barnett Management, West Palm Beach, FL 33409",Employee died after falling into a canal and drowning.
FY 2013,11/24/2012,11/13/2012,"Bisom Trucking, Des Moines, IA 50309",Worker died from injuries sustained after falling off a semi-trailer while unloading rebar.
FY 2013,11/24/2012,11/13/2012,"Forever Green Tree Solutions LLC, Parma, MI 49269",Worker killed after being crushed between a truck's bed and frame while making repairs.
FY 2013,11/24/2012,11/14/2012,"Roscoe Stewart dba R. Stewart Tree Service, Durham, NC 27703",Worker died after falling 30 feet while cutting down a tree.
FY 2013,11/24/2012,11/16/2012,"Jose Ochoa-Rodriguez, Wheaton, MD 20904",Worker died after falling 50 feet from a tree.
FY 2013,11/24/2012,11/18/2012,"Habitat for Humanity of Greater Pittsburgh, Pittsburgh, PA 15221",Employee died after falling 10 feet while cleaning on an elevated surface.
FY 2013,11/24/2012,11/19/2012,"Precision Lawn Care and Landscaping Inc., Williamston, NC 27892",Worker was struck and killed by a tractor trailer while mowing grass along the highway.
FY 2013,11/24/2012,11/20/2012,"J.F. Wilkerson Contracting Company Inc., Raleigh, NC 27606",Worker died after becoming entrapped in a trench.
FY 2013,11/24/2012,11/20/2012,"Porterville Unified School District Porterville, CA 93257",Sixteen workers were hospitalized following a refrigerant leak.
FY 2013,11/24/2012,11/21/2012,"Sonora Auto Sales, Fresno, CA 93721",Worker died after being crushed by a vehicle while performing maintanance.
FY 2013,11/24/2012,11/24/2012,"Somer Township - Highway Commission, Urbana, IL 61802",Worker died from exposure to carbon monoxide while repairing his equipment's engine.
FY 2013,11/24/2012,11/26/2012,"Illinois State Police - District 18, Litchfield, IL 62056",Police officer killed after being hit by a passing vehicle.
FY 2013,12/01/2012,3/4/2012,"Lucky Food Mart, Merrillville, IN 46410",Convenience store worker was killed after being shot by two robbers.
FY 2013,12/01/2012,3/23/2012,"Cambelt International, Salt Lake City, UT 84104",Worker killed when crushed between a bolster and ram while performing maintenance on a press machine.
FY 2013,12/01/2012,11/20/2012,"Landmark Roofing Inc., Miami, FL 32025",Worker died after falling from a residential roof while conducting roofing operations.
FY 2013,12/01/2012,11/21/2012,"Eastport Bible Church, Eastport, NY 11941",Worker died after falling 9 feet from a garage roof while installing asphalt shingle.
FY 2013,12/01/2012,11/24/2012,"AKDOT&PF, Girdwood, AK 99587",Worker died after being struck by a vehicle while assisting another vehicle on the shoulder of a highway.
FY 2013,12/01/2012,11/27/2012,"Twin States Utilities Inc., Henderson, KY 42420",Worker died after being pinned between a trailer and a truck while working on the highway.
FY 2013,12/01/2012,11/28/2012,"Highway Technologies Inc., Las Vegas, NV 89115",Worker died after a stack of metal guardrails he was loading on a truck fell on him.
FY 2013,12/01/2012,11/28/2012,"Tipton County Highway Department, East Union, IN 46031",Worker died after his dump truck collided with a semi-truck in an intersection.
FY 2013,12/01/2012,11/28/2012,"Duval Glass & Mirror Inc., Jacksonville, FL 32211",Worker died after falling 25 feet while performing window maintenance.
FY 2013,12/01/2012,11/29/2012,"Co-Am Enterprise LLC, Hope, AR 71857",Worker was crushed and killed by cattle while directing them through an alley way.
FY 2013,12/01/2012,11/29/2012,"Michael Welch dba Welch Roofing, Cornelius, NC 28031",Worker died after slipping and falling from a roof while installing new shingles.
FY 2013,12/01/2012,11/30/2012,"TJ Lambercht, Delphi, IN 46923",Employee died after s trench caved in on him.
FY 2013,12/01/2012,11/30/2012,"Unique Roofing Concepts Company, Redmond, WA 98053",Worker died after falling 35 feet from a roof.
FY 2013,12/01/2012,11/30/2012,"Berry Brothers Sawmill Inc., Cypress Inn, TN 38452",Worker died when a fan blade from a chipper struck him.
FY 2013,12/01/2012,11/30/2012,"Rangel's Workforce Inc., LaFollette, TN 37849",Worker died after falling 16 feet from a roof while installing plywood.
FY 2013,12/01/2012,11/30/2012,"City of Chicago - Police Department - 3rd District, Chicago, IL 60637",Three police officers were hospitalized following a motor vehicle crash that occurred as they were responding to a robbery.
FY 2013,12/08/2012,8/16/2012,"Rhodes Pump Sales & Service Company, New Harmony, UT 84757",Worker electrocuted after truck boom contacted power lines during water pump maintenance.
FY 2013,12/08/2012,8/16/2012,"Cheston Madsen dba Madsen Plumbing, Ephraim, UT 84632",Worker crushed and killed by tractor backhoe bucket while removing top from sanitation tank.
FY 2013,12/08/2012,11/1/2012,"Roswell Commerical Roofing Inc., Salt Lake City, UT 84104",Worker died after falling 25 feet through skylight to concrete surface.
FY 2013,12/08/2012,11/9/2012,"J. Goode Environmental Services, Nacogdoches, TX 75964",Employee died after falling from a tree during tree cutting operations.
FY 2013,12/08/2012,11/21/2012,"J.F.T. Enterprises Inc., Port Washington, NY 11050",Employee died after falling 16 feet from a ladder during chimney repairs.
FY 2013,12/08/2012,11/21/2012,"Monster Tree Service, South Hampton, PA 18954",Employee died after being struck by a tree during tree removal operations.
FY 2013,12/08/2012,11/27/2012,"Diamond S Company, Saratoga Springs, UT 84043",Worker died after being caught in asphalt pulverizing machine.
FY 2013,12/08/2012,11/30/2012,"Mac Haik Used Car, Houston, TX 77024",Employee died after being shot by another employee.
FY 2013,12/08/2012,12/2/2012,"Jack Cooper Transportation Company, Bethpage, NY 11714",Employee died after falling from the second level of a vehicle transport trailer.
FY 2013,12/08/2012,12/2/2012,"Santa Fe Fire Protection District, Bartelso, IL 62218",Firefighter struck and killed by fire truck while trying to contain fire.
FY 2013,12/08/2012,12/3/2012,"Al Cook Electric, MaComb, IL 61455",Employee died after falling off a ladder while installing electrical power lines.
FY 2013,12/08/2012,12/3/2012,"Lincoln Well Services LLC, Skiatook, OK 74070",Worker was electrocuted while setting up a rig at an oil well site.
FY 2013,12/08/2012,12/3/2012,"LPC Landscaping, Oak Park, MI 48237",Worker killed after being struck in jaw by 15-pound metal piece from trailer plate.
FY 2013,12/08/2012,12/3/2012,"BJ Barnes and Sons Inc., Green River, WY 82935",Worker died after falling off trailer while opening hatch.
FY 2013,12/08/2012,12/3/2012,"Empresas Diaz Betterecycling Corp., Salinas, PR 00751",Worker struck and killed by loader.
FY 2013,12/08/2012,12/4/2012,"Endeavor Energy Resources LP, Stanton, TX 79782",Employee electrocuted while installing a power line from a bucket.
FY 2013,12/08/2012,12/4/2012,"Safway Services LLC, Wheatfield, IN 46395",Worker died after falling 20 feet to ground while climbing scaffold.
FY 2013,12/08/2012,12/5/2012,"Corrosion Controls Corporation, Audubon, PA 19403",Worker died from a fall after a suspended scaffold partially collapsed.
FY 2013,12/08/2012,12/6/2012,"Badger Pressure Control, Pecos, TX 79772",Three employees hospitalized after being injured while conducting drilling operations.
FY 2013,12/08/2012,12/6/2012,"TForce Energy Services Inc., Rock Springs, WY 82901",Worker died after being ejected from bucket and striking metal object while positioning equipment on trailer.
FY 2013,12/08/2012,12/7/2012,"Globe Energy Services, Midland, TX 79712",Three employees hospitalized after tubing burst while performing oilfield rigging activities.
FY 2013,12/15/2012,7/12/2012,"Adonis Bronze, Alpine, UT 84004",Worker was struck and killed by the door on a pressure vessel.
FY 2013,12/15/2012,11/21/2012,"Suncoast Environmental Services Inc., Englewood, FL 34208",Employee died from an infection sustained after he slipped and fell onto debris at work.
FY 2013,12/15/2012,11/29/2012,"Phoenix Industrial Cleaning, Whelling, IL 60090",Employee died after falling from a ladder while attempting to exit a chemical storage tank.
FY 2013,12/15/2012,12/3/2012,"Valero Refining Company - Tennessee LLC, Memphis, TN 38109",Worker died after being struck by flying glass and liquid propane from ruptured pump.
FY 2013,12/15/2012,12/4/2012,"TSL Transportation Inc., Newton, IA 50208",Two workers were checking a container seal ID when they were struck by a semi-truck. Both workers were hospitalized, and one died as a result of his injuries.
FY 2013,12/15/2012,12/6/2012,"Steven Jesser Farms, Fresno, CA 93727",Worker was struck by a falling tree.
FY 2013,12/15/2012,12/9/2012,"Great Divide Forestry Thermopolis, WY 82443",Worker was struck and killed by a truck hauling logs.
FY 2013,12/15/2012,12/9/2012,"Dan D. Drilling Co., Guthrie, OK 73044",Employee was killed when an industrial drill block fell on him.
FY 2013,12/15/2012,12/10/2012,"Nevin Stitzer Contracting Inc., Johnstown, PA 15901",Worker died after falling 14 feet while setting up retractable laynards.
FY 2013,12/15/2012,12/10/2012,"Napoleon Boneparte Ballard III, Middleburb, FL 32068",Tow truck operator was fatally crushed when a vehicle was shifted from park into neutral.
FY 2013,12/15/2012,12/11/2012,"Hawkeye Paving Corporation, Davenport, IA 52807",Worker was shaping a hill with dozer when the vehicle tipped over and crushed him.
FY 2013,12/15/2012,12/11/2012,"Genie Industries Inc., Moses lake, WA 98837",Worker was crushed to death between a lift mast tube and a paint cart when the tube fell.
FY 2013,12/15/2012,12/12/2012,"S & T Tree Services, Windsor, PA 17366",Worker died when a tree fell onto his legs during tree cutting operations.
FY 2013,12/15/2012,12/13/2012,"K&S Logging LLC, Gladwin, MI 48624",Worker was fatally struck by a tree limb.
FY 2013,12/15/2012,12/13/2012,"Waste Management, Cannon Falls, MN 55009",Worker was struck by and run over by a garbage truck.
FY 2013,12/15/2012,12/13/2012,"Boeing Services Inc., Seattle, WA 98108",Worker was priming a plane for painting and fell approximately 15 feet from the nose of the plane to the cement floor.
FY 2013,12/15/2012,12/15/2012,"Sodecia Sterling Heights, MI 48314",Worker was crushed to death when the robot work cell he was working inside was struck from behind by a transfer robot.
FY 2013,12/22/2012,10/29/2012,"Empire Parking Corp., NY, NY 10013",Parking attendant drowned after being trapped in a flooded garage.
FY 2013,12/22/2012,11/30/2012,"Specialized Trucking Inc., Pearl River, NY 10965",Employee died after being crushed by a heavy computer unit that tipped over while being transferred between two trucks.
FY 2013,12/22/2012,12/12/2012,"YRC Freight, Kansas City, MO 64129",Employee killed when crushed between a loading dock and a freight container.
FY 2013,12/22/2012,12/14/2012,"Canada Dry Bottling Co. of NY, NY, NY 10023",Driver fatally struck by passing motor vehicle while delivering beverages from a truck to a supermarket.
FY 2013,12/22/2012,12/15/2012,"Kennedy Valve, A Division of McWane, Elmira, NY 14901",Employee crushed by machinery while making repairs to a hydraulic tabletop.
FY 2013,12/22/2012,12/16/2012,"Precision Pipeline, Bethany, WV 26032",Worker killed when a section of pipeline crashed through the windshield of the excavator he was operating.
FY 2013,12/22/2012,12/18/2012,"Hattaway Brothers Inc., Columbus AFB, MS 39701",Worker electrocuted while working on overhead power lines.
FY 2013,12/22/2012,12/18/2012,"Mountain Vending Inc., Oak Hill, WV 25901",Employee died after being crushed by fork truck.
FY 2013,12/22/2012,12/19/2012,"WDH Roofing Company, Philadelphia, PA 19104",Employee electrocuted when his aluminum ladder contacted a power line.
FY 2013,12/22/2012,12/19/2012,"Witmer's Inc., North Lima, OH 44452",Employee died after falling 20 feet from a roof.
FY 2013,12/29/2012,11/28/2012,"GardenState Tree & Lawn LLC, Colts Neck, NJ 07722",Employee was crushed to death when a tree he was clearing fell onto him.
FY 2013,12/29/2012,12/12/2012,"Veteran's Health Adminstration, Parma, OH 44130",Volunteer employee died from injuries after tripping and falling over a motorized scooter.
FY 2013,12/29/2012,12/14/2012,"American Forestry and Firewood LLC, Gloverville, NY 12078",Worker was killed after being struck by a tree during felling operations.
FY 2013,12/29/2012,12/15/2012,"Groves Building and Design LLC, Palm Beach, FL 33480",Employee was struck and impaled by wood ejected from a table saw.
FY 2013,12/29/2012,11/19/2012,"Beacon Exteriors Inc., Brownstown Twp, MI 48173",Worker was electrocuted after a metal ladder contacted power lines.
FY 2013,12/29/2012,12/4/2012,"Primera Iglesia Bautista de Juncos Inc., Juncos, PR 00777",Worker died from second- and third-degree burn injuries sustained when his clothes caught fire while working in a kitchen.
FY 2013,12/29/2012,12/19/2012,"Halliburton Energy Services Inc., Rock Springs, WY 82901",Worker was run over by a tractor trailer while attempting to unfreeze the brakes.
FY 2013,12/29/2012,12/24/2012,"Ken Plante's Tree Removal, Haverhill, MA 01830",Worker died after a large tree limb fell and crushed him.
FY 2013,12/29/2012,12/24/2012,"Alpine Meadows, Tahoe City, CA 96145",Worker died following injuries sustained from being caught in an avalanche.
FY 2013,12/29/2012,12/24/2012,"W Webster Fire Department, Webster, NY 14580",Two workers were killed and two others were critically injuried after being shot while responding to a reported car and house fire.
FY 2013,12/29/2012,12/26/2012,"Justino Rodriguez, Houston, TX 77031",Employee died after falling 20 feet from a scaffold while framing a hotel window.
FY 2013,12/29/2012,12/27/2012,"Pope Douglas Solid Waste, Alexandria, MN 56308",Worker was crushed by a compactor after pressure developed during repairs.
FY 2013,1/05/2013,12/5/2012,"Kroger Co., Spring, TX 77379",Grocery store worker died from injuries after tripping and falling from loose flooring.
FY 2013,1/05/2013,12/11/2012,"East End Environmental Services Corp., Mastic Beach, NY 11951",Employee died when a storage tank he was cutting exploded.
FY 2013,1/05/2013,12/12/2012,"The Home Depot, Commack, NY 11725",Employee died after falling from a truck.
FY 2013,1/05/2013,12/14/2012,"Premium Mulch & Materials, Coram, NY 11727",Employee died after being struck by a payloader.
FY 2013,1/05/2013,12/20/2012,"Hudson Plumbing and Heating Inc., Yonkers, NY 10704",Employee died from head injuries after a concrete block fell from a ceiling being repaired.
FY 2013,1/05/2013,12/28/2012,"Environmental Enterprises Inc., Cincinnati, OH 45232",Employee died when chemicals from an industrial filter he was shredding ignited and exploded.
FY 2013,1/05/2013,12/28/2012,"James Construction Group, Geismar, LA 70734",Construction worker died after falling 12 feet from a ladder.
FY 2013,1/05/2013,12/30/2012,"Aspen Skiing Company, Snowmass Village, CO 81611",Employee patrolling ski slopes killed during an avalanche.
FY 2013,1/05/2013,12/30/2012,"Wal-Mart Associates Inc., Hermiston, OR 97838",Worker died after vehicle crashed during icy road conditions.
FY 2013,1/05/2013,12/31/2012,"W & O Construction Company Inc., Knoxville, TN 37919",Worker electrocuted after trailer's load line contacted overhead powerline.
FY 2013,1/05/2013,1/2/2012,"Hurling Erection and Construction Inc., Jacksboro, TN 37577",Worker died after falling from scaffold while trying to access roof.
FY 2013,1/05/2013,1/2/2013,"Universal Cable Systems Inc., White Castle, LA 70788",Cable service worker died after falling from a ladder.
FY 2013,1/05/2013,1/3/2013,"Landrum Construction, Cincinnati, OH 45011",Employee died after falling 10 feet through the floor while performing residential framing operations.
FY 2013,1/12/2013,8/1/2012,"Roc Equipment, Henderson, NV 89015",Worker died from injuries sustained from the release of extreme pressure while performing maintenance on a hydraulic cylinder for a drill rig.
FY 2013,1/12/2013,1/4/2013,"WS Consulting & Construction Inc., Mount Vernon, WA 98273",Worker died after falling 80 feet from a cellular tower.
FY 2013,1/12/2013,1/4/2013,"Latshaw Drilling & Exploration LLC, Reydon OK 73660",Worker died after falling 30 feet while removing equipment during drilling operations.
FY 2013,1/12/2013,1/5/2013,"Ben's Gardening Services, Torrance, CA 90501",Worker electrocuted while trimming pine tree branches at 25 feet when his pruning shears contacted an overhead electrical cable.
FY 2013,1/12/2013,1/5/2013,"Terex Services North America, Blytheville, AR 72315",Employee died after falling 30 feet from an overhead crane while performing maintenance work.
FY 2013,1/12/2013,1/7/2013,"Lopez Landscaping, Greenwich, CT 06830",Worker killed when struck by a fallen tree trunk.
FY 2013,1/12/2013,1/7/2013,"Smith Pipe & Supply LP, Abilene, TX 79606",Employee died after being crushed between a 500-pound barrel-tank and a tractor trailer during loading.
FY 2013,1/12/2013,1/8/2013,"Keeco LLC, Hayward, CA 94544",Worker's head was crushed between a loading dock and a trailer while backing into a dock.
FY 2013,1/12/2013,1/10/2013,"Ace Hardware, Vallejo, CA 94589",Worker died when a big rig struck another vehicle and fell off a ramp.
FY 2013,1/19/2013,12/27/2012,"Western & Fourth Car Wash, Los Angeles, CA 90020",Worker died from injuries sustained after being struck by a vehicle operated by another worker while exiting the car wash tunnel.
FY 2013,1/19/2013,1/4/2013,"American Cable & Rigging Supply Inc., Asheville, NC 28801",Worker died after falling eight feet when the core drilling machine he was using hit rebar.
FY 2013,1/19/2013,1/10/2013,"Mesa Wells Service LP, Jal, NM 88252",Worker died when brakes on the blocks failed and the tubing he was pulling from a well struck and knocked him from a platform.
FY 2013,1/19/2013,1/10/2013,"H. William Paving LLC, Fairfield, NJ 07004",Employee died after being caught between a truck's dump body and frame.
FY 2013,1/19/2013,1/11/2013,"C & L Lockers, Connell, WA 99326",Worker operating an off-road vehicle died after being struck from behind by another vehicle.
FY 2013,1/19/2013,1/11/2013,"Xceed Resources, El Paso, TX 79905",Employee was struck and killed by a hit-and-run driver while working along an interstate access road.
FY 2013,1/19/2013,1/11/2013,"Compos Roofing, Oklahoma, OK 73134",Employee died after falling 19 feet while working on an apartment rooftop.
FY 2013,1/19/2013,1/11/2013,"Luis Colorado, Newark, NJ 07105",Employee died after being crushed between a truck chassis and a container wall inside a parking garage.
FY 2013,1/19/2013,1/14/2013,"Omni Energy and Seismic Services LLC, Fairview, WV 26570",Worker died after being ejected from a track buggy that fell down a hill.
FY 2013,1/19/2013,1/16/2013,"Reliance Steel & Aluminum Co., Atlanta, GA 30318",Employee died after falling from the back of a tractor trailer being unloaded.
FY 2013,1/19/2013,1/16/2013,"Witt Plumbing Inc., Hastings, NE 68901",Worker died after being engulfed in a collapsing trench.
FY 2013,1/19/2013,1/17/2013,"Hatchett Roustabout Inc., Lamesa, TX 79331",Worker died from exposure to hydrogen sulfide after stepping into 5-foot-deep hole containing oil slush.
FY 2013,1/26/2013,7/28/2012,"Joe Stilley & Son LLC, Trenton, NC 28585",Worker died after collapsing on the ground with seizures while working in a tobacco field with a heat index of 108 degrees.
FY 2013,1/26/2013,10/12/2012,"Zelaya Construction Corp., Miami, FL 33178",Employee died from injuries sustained from a fall while working on a balcony roof.
FY 2013,1/26/2013,10/12/2012,"McPhail Construction Company, Jackson, MS 39202",Employee died after falling from a 5th floor roof when his safety lanyard broke.
FY 2013,1/26/2013,10/23/2012,"Ports America Tampa LLC., Tampa, FL 33605",Employee died after being struck by large pipe bundle when the lifting strap broke.
FY 2013,1/26/2013,11/7/2012,"Anniston Army Depot, Anniston, AL 36201",Employee died from injuries sustained from being struck in the abdomen by the steering wheel after his forklift hit a concrete-filled pole during operations.
FY 2013,1/26/2013,12/5/2012,"Lassetter Propane LLC, Dawsonville, GA 30534",Employee succumbed to injuries sustained from a fatal burn.
FY 2013,1/26/2013,12/31/2012,"Strickland Tree Service, Phenix City, AL 36870",Employee was fatally crushed while performing maintenance on a dump truck.
FY 2013,1/26/2013,1/12/2013,"Jim Corridon Electric Inc., Vienna, Virginia 22182",Worker succumbed to injuries after falling off of a 12-foot step ladder while installing an un-energized electrical cable.
FY 2013,1/26/2013,1/16/2013,"Gustafson Chipping Company Inc., Orlando, FL 32808",Employee died after tripping and falling onto a marble mold.
FY 2013,1/26/2013,1/17/2013,"Turner Bean & Grain Inc., Turner, MI 48765",Worker died while removing railroad timber when the tractor he was using rolled on top of him.
FY 2013,1/26/2013,1/18/2013,"Quality Plus Gas Station, Sylva, NC 28779",Gas station worker died from brain damage sustained after being overcome by gas fumes.
FY 2013,1/26/2013,1/19/2013,"Haliburton Inc., Watford City, ND 58854",Worker was killed after being struck by a steel valve under 4100 psi of pressure during fracking operations.
FY 2013,1/26/2013,1/21/2013,"Bliss Envirnmental Services Inc., Utica, NY 13502",Employee died after being struck by a garbage truck.
FY 2013,1/26/2013,1/21/2013,"LPC & D Inc., Rio Grande, PR 00745",One worker was killed and two were hospitalized when a crane overturned and the basket fell 40 feet during maintenance operations on a highway bridge.
FY 2013,1/26/2013,1/22/2013,"Eaton Corporation, Pittsburgh, PA 15213",Employee electrocuted while performing upgrades to a campus electrical distribution switchgear.
FY 2013,1/26/2013,1/24/2013,"H.B. Gills Inc., Cutler, CA 93615",Worker died after being crushed between a tractor tire and the ground after falling from the vehicle.
FY 2013,1/26/2013,1/25/2013,"Quality Services LLC, Memphis, TN 38106",Worker died after being struck by a tractor trailer truck while changing a tire.
FY 2013,2/2/2013,10/10/2012,"Stryker Electrical Contracting Inc., Doral, FL 33178 (US Army - Aberdeen Test Center)",Employee died while conducting dive operations at 130 feet.
FY 2013,2/2/2013,10/10/2012,"E&E Concrete Pumping Services, Doral, FL 33178",Employee died after being crushed in a parking garage collapse.
FY 2013,2/2/2013,10/10/2012,"Solar Erectors US Inc., Doral, FL 33178",2 Employees died after being crushed in a parking garage collapse.
FY 2013,2/2/2013,11/2/2012,"Sajoma Fried Chicken, New Brunswick, NJ 08901",Employeed died from carbon monoxide exposure.
FY 2013,2/2/2013,1/4/2013,"Tom Lane Contractors, Hebron, KY 41048",Worker died after falling 20 feet while working on the steps of a second floor landing.
FY 2013,2/2/2013,1/8/2013,"Johnston Trucking, Memphis, TN 38113",Worker succumbed to injuries sustained after being struck by a front-end loader while waiting for truck to be loaded.
FY 2013,2/2/2013,1/15/2013,"Flowers Baking Company, Bardstown, KY 40004",Worker died from injuries sustained after being pinned between a trove and an elevator bar.
FY 2013,2/2/2013,1/20/2013,"Rea Magnet Wire, Fort Wayne, IN 46803",Worker succumbed to injuries sustained after falling from a seven-foot platform.
FY 2013,2/2/2013,12/22/2012,"Bimco Construction Services, Atlanta, GA 30312",Worker died after falling 16 feet from a ladder while painting an apartment building.
FY 2013,2/2/2013,1/17/2013,"Newt Davis LLC, Sardis, MS 38666",Employee died from injuries sustained from severe burns after coming in contact with a wood burning heater.
FY 2013,2/2/2013,1/21/2013,"Gao's Construction Corp., Port Jefferson, NY 11777",Employee died from injuries sustained after falling from a ladder and being struck by falling metal awning.
FY 2013,2/2/2013,1/23/2013,"C.J. Mabardy Inc., Cambridge, MA 02138",Employee died from injuries sustained from being crushed by the bulldozer he was working on.
FY 2013,2/2/2013,1/23/2013,"John Miller Construction, Coldwater, MI 49036",Worker died after falling off a roof.
FY 2013,2/2/2013,1/24/2013,"Abacus Building Innovations Inc., Astoria, NY 11103",Employee died after falling 15 feet onto a metal floor joist and concrete foundation.
FY 2013,2/2/2013,1/24/2013,"Moss Transportation Services, Belle Glade, FL 33430",Employee died after being crushed between a semi-truck and a loading dock.
FY 2013,2/2/2013,1/25/2013,"Shores Construction Inc., Horseshoe Beach, FL 32648",Employee died after falling 135 feet from a water tower.
FY 2013,2/2/2013,1/25/2013,"Oscar Adelar, Mission Viejo, CA 92691",Worker died after being hit by several cars while handing out flyers.
FY 2013,2/2/2013,1/26/2013,"SCR Construction Inc., Richmond, TX 77469",Employee died when an empty chemical drum he was cutting exploded and struck his head.
FY 2013,2/2/2013,1/27/2013,"Square K Lumber LLC., Smoot, WV 24977",Employee died after being crushed between the frame and the bed of a dump truck.
FY 2013,2/2/2013,1/28/2013,"TK Holdings Inc., San Antonio, TX 78251",Employee died after being crushed inside a die press.
FY 2013,2/2/2013,1/29/2013,"Container Solutions Inc., Mantachie, MS 38855",Employee died after being crushed between a semi-trailer and a loading dock.
FY 2013,2/2/2013,1/29/2013,"Farmers Cooperative Company, Talmage, NE 68448",Employee died after being struck by a grain truck.
FY 2013,2/2/2013,1/31/2013,"Heller Casing Service Inc., Watford City, ND 58854",Employee died after being crushed by the equipment he was operating.
FY 2013,2/2/2013,1/31/2013,"Southern Minnesota Beets Cooperative Renville, MN 56284",Worker was fatally struck by a pay loader while walking from one building to another.
FY 2013,2/9/2013,11/4/2012,"Yukon Enterprise, New York, NY 10002",Employee died after falling through a roof skylight.
FY 2013,2/9/2013,1/11/2013,"C&L Lockers, Connell, WA 99326",Worker died while riding in an off-road vehicle when the vehicle was struck from behind by another car on the highway.
FY 2013,2/9/2013,1/17/2013,"County of Orangeburg Sawyerdale Collection, Orangeburg, SC 29112",Worker fell to his death after being hit by a compactor door.
FY 2013,2/9/2013,1/22/2013,"Resolute FP US Inc., Catawba, SC 29704",One worker died and two others were hospitalized after cleaning a seven-story high tank. After seeing a brown liquid and vapor flowing into tank, two of the workers were able to climb out, but the third was trapped 14 feet down in the tank and died from chemical exposure.
FY 2013,2/9/2013,1/22/2013,"Stanco Metal Products Inc., Williamston, SC 29697",Worker died after being caught in a stamping machine.
FY 2013,2/9/2013,1/24/2013,"Grosse Ile Township, Grosse Ile, MI 48138",Worker died after becoming trapped in a trench during excavation operations.
FY 2013,2/9/2013,2/1/2013,"Buffalo Sweeping Compound Inc., Buffalo, NY 14210",Employee died after being crushed by the payload arm of a powered industrial truck.
FY 2013,2/9/2013,2/1/2013,"LT Disposal Inc., Leicester, NY 14481",Employee died after being caught between two trucks.
FY 2013,2/9/2013,2/4/2013,"Midwest Construction Co Inc., Burlington, KS 66839",Midwest Construction Co Inc., Burlington, KS 66839",Employee died when the crane he was operating tipped over and crushed him.
FY 2013,2/9/2013,2/5/2013,"BWP Hardwoods, Brookville, PA 15825",Employee died after being pinned between his machinery.
FY 2013,2/9/2013,2/5/2013,"Thiems Construction Company Inc., Maryville, IL 62062",Employee was electrocuted when a downed electrical powerline came into contact with the concrete truck he was operating.
FY 2013,2/9/2013,2/6/2013,"Bodine Services of Decature Inc., Decature, IL 62526",Employee died after being crushed between dislodged material he was cleaning and an I-beam.
FY 2013,2/9/2013,2/6/2013,"Mac Corporation, Indianapolis, IN 46219",Worker was crushed to death when the trash compactor he was repairing was energized.
FY 2013,2/9/2013,2/7/2013,"Riverside Police Department, Riverside, CA 92522",A patrol officer was killed in the line of duty after being ambushed by gunfire.
FY 2013,2/16/2013,10/26/2012,"Southeast Culvert Inc., Cleveland, AL 35049",Employee died from injuries sustained after being struck by falling industrial pipes that were being unloaded.
FY 2013,2/16/2013,10/31/2012,"Commercial Jet Inc., Miami, FL 33166",Three employees were hospitalized after falling from an aircraft while using a forklift to unload parts.
FY 2013,2/16/2013,12/28/2012,"RL Construction & Restoration Inc., Elmont, NY 11003",Employee died from injuries sustained after falling from a residential roof.
FY 2013,2/16/2013,1/7/2013,"Regal Entertainment Group, Burlington, NJ 08016",Employeed died from injuries sustained after falling from a 6 foot ladder.
FY 2013,2/16/2013,1/24/2013,"Miracle Method of Portland LLC, Portland, OR 97220",Worker succumbed to injuries sustained from a chemical exposure while resurfacing a bathtub in a small bathroom with little air ventilation.
FY 2013,2/16/2013,2/6/2013,"General Iron Industries Inc., Chicago, IL 60616",Welder died from injuries sustained when a steel wall fell on him.
FY 2013,2/16/2013,2/6/2013,"Mass Transportation Authority, Mt Morris, MI 48458",Worker died after being struck by the rear tires of a rolling bus.
FY 2013,2/16/2013,2/9/2013,"Ironrock Resources Inc. Pampa, TX 79065",Employee died when he fell while cutting away a conveyor that was attached to a building.
FY 2013,2/16/2013,2/9/2013,"Air Liquide USA, La Porte, TX 77572",Air Liquide USA, La Porte, TX 77572",Employee died in a facility explosion.
FY 2013,2/16/2013,2/15/2013,"Central Environmental Services, Flemington, WV 26181",Employee died after an explosion occurred while he was checking levels on a 400 barrel brine water holding tank.
FY 2013,2/16/2013,2/8/2013,"YJF Company dba New Star Design, Honolulu, HI 96813",Worker died from injuries sustained after falling off a two-stage scaffold.
FY 2013,2/23/2013,1/14/2013,"Kaba Ilco Corporation, Forsyth, NC 27009",Worker crushed and killed when a cart carrying 2,000 pounds of zinc tipped over on top of him.
FY 2013,2/23/2013,2/5/2013,"Sweyolakan Farms, Ithaca, NY 14850",Dairy farm worker crushed and killed by auger.
FY 2013,2/23/2013,2/6/2013,"Quality Drywall, Inc., Lewisville, NC",27023	Worker installing sheetrock was killed after falling from ladder.
FY 2013,2/23/2013,2/11/2013,"Burns Paving Company Inc., Oklahoma City, OK 73105",Employee died after being struck by a vehicle moving in reverse on the worksite.
FY 2013,2/23/2013,2/11/2013,"HSA Consulting Group Inc., Pensacola, FL 32503",Employee struck and killed by vehicle while conducting a traffic study.
FY 2013,2/23/2013,2/13/2013,"Life Time Brands, Garden City, NY 11530",Employee died after falling in a parking lot.
FY 2013,2/23/2013,2/13/2013,"Professional Service Industries Inc., Belle Glade, FL 33430",Employee died after being thrown from and run over by bulldozer.
FY 2013,2/23/2013,2/13/2013,"SCC Cabinets Inc., Wellington, FL 33414",Worker died after falling 30 feet while unloading tools from forklift.
FY 2013,2/23/2013,2/14/2013,"Wade C. Bowler, Aylett, VA 23009",Worker struck and killed by an excavator arm while trimming trees.
FY 2013,2/23/2013,2/15/2013,"Coba Landscaping & Construction, Belleville, NJ 07109",Employee struck and killed by falling tree limb while trimming trees.
FY 2013,2/23/2013,2/15/2013,"ERG Aerospace Corporation, Oakland, CA 94608",Worker was struck in head and killed by piece of metal while operating lathe. 
FY 2013,2/23/2013,2/16/2013,"G&H Steel, New Orleans, LA 70119",Employee died after falling 18 feet from a roof support beam.
FY 2013,2/23/2013,2/17/2013,"Hydro-Marine Construction Inc., South Amboy, NJ 08879",Employee crushed and killed by excavator bucket.
FY 2013,2/23/2013,2/18/2013,"Summit Roofing, LLC, Howell, MI 48855",Worker died after falling 25 feet from roof while installing insulation.
FY 2013,2/23/2013,2/19/2013,"Day Zimmer NPS, Perry, OH 44081",Employee died from head injuries after falling off scaffolding.
FY 2013,2/23/2013,2/20/2013,"Cactus Wellhead, Bossier City, LA 71111",Employee killed by falling  equipment during unloading operations.
FY 2013,2/23/2013,2/20/2013,"Slone Builders, Inc., White Lake, MI 48386",Worker was killed when nail from a nail gun struck him in the eye.
FY 2013,2/23/2013,2/20/2013,"Tex-Lee Operating Company, Giddings, TX 78942",Oil rig worker killed when a counter-weight fell 65 feet on him during a rig shutdown.
FY 2013,2/23/2013,2/21/2013,"Best Logging, Rock Castle, WV 25245",Employee killed by a falling tree during tree felling operations.
FY 2013,2/23/2013,2/21/2013,"Desert Cab, Inc., Las Vegas, NV 89109",Taxi driver was killed after being struck from behind by another vehicle, causing the car to catch fire.
FY 2013,2/23/2013,2/22/2013,"Saddai Inc., Perth Amboy, NJ 08861",Employee was struck and killed by vehicle while making a delivery.
FY 2013,3/2/2013,2/18/2013,"Cat Spec Ltd., Ardmore, OK 73402",Employee died while working in a confined space at a crude oil refinery.
FY 2013,3/2/2013,2/19/2013,"JJ's Restaurant, Kansas City, MO 64112",Employee killed in a natural gas explosion.
FY 2013,3/2/2013,2/21/2013,"Donald L. Shirey Lumber Company Inc, Rimersburg, PA 16248",Worker struck and killed by falling tree.
FY 2013,3/2/2013,2/22/2013,"Hagel Metal Fabrication Inc., East Peoria, IL",Worker operating laser machine struck and killed by metal debris.
FY 2013,3/2/2013,2/23/2013,"RSI Home Products Manufacturing, Inc., Lincolnton, NC  28092",Worker killed after being caught in saw machine at cabinetry facility.
FY 2013,3/2/2013,2/24/2013,"Turner Specialty Services LLC, Darrow, LA 70725",Employee crushed and killed by conveyor belt rollers undergoing maintenance.
FY 2013,3/2/2013,2/25/2013,"CSC Sugar LLC, Fairless Hills, PA 19030",Employee killed after falling into a sugar hopper.
FY 2013,3/2/2013,2/25/2013,"J.G. Boswell Company, Bakersfield, CA 93311",Worker drowned after accident caused vechicle to land in canal.
FY 2013,3/2/2013,2/25/2013,"Pete Gould & Sons Inc., Ellenboro, WV 26346",Employee struck and killed by falling tree.
FY 2013,3/2/2013,2/25/2013,"Sidewinder Drilling, Carrollton, OH 44615",Worker killed when struck by drilling equipment.
FY 2013,3/2/2013,2/26/2013,"Gilles & Audrey FleuryTrust, Anaheim, CA 92802",Worker died after falling 14 feet to concrete on construction site.
FY 2013,3/2/2013,2/27/2013,"Asplundh Tree Expert Co., Charlotte, NC  28217",Worker struck and killed by falling tree.
FY 2013,3/2/2013,3/1/2013,"CR&R, Inc., Stanton, CA  90680",Worker struck and killed by a projectile while welding.
FY 2013,3/2/2013,3/1/2013,"GB Auctions, Inc., Spokane, WA 99219",Worker died of CO poisoning emitted after gas-powered generator used inside trailer failed.